{
    "variables": [],
    "info": {
        "name": "Laravel API",
        "_postman_id": "fc5c0097-c826-4a36-af0e-0f6138c473c3",
        "description": "",
        "schema": "https:\/\/schema.getpostman.com\/json\/collection\/v2.0.0\/collection.json"
    },
    "item": [
        {
            "name": "Tasks management",
            "description": "",
            "item": [
                {
                    "name": "Display a listing of the tasks.",
                    "request": {
                        "url": "http:\/\/webdevlistapi.test\/api\/tasks",
                        "method": "GET",
                        "header": [
                            {
                                "key": "Content-Type",
                                "value": "application\/json"
                            },
                            {
                                "key": "Accept",
                                "value": "application\/json"
                            }
                        ],
                        "body": {
                            "mode": "raw",
                            "raw": "[]"
                        },
                        "description": "",
                        "response": []
                    }
                },
                {
                    "name": "Store a newly created resource in storage.",
                    "request": {
                        "url": "http:\/\/webdevlistapi.test\/api\/tasks",
                        "method": "POST",
                        "header": [
                            {
                                "key": "Content-Type",
                                "value": "application\/json"
                            },
                            {
                                "key": "Accept",
                                "value": "application\/json"
                            }
                        ],
                        "body": {
                            "mode": "raw",
                            "raw": "{\n    \"title\": \"my first task\",\n    \"description\": \"possimus\",\n    \"due\": \"next friday\"\n}"
                        },
                        "description": "",
                        "response": []
                    }
                },
                {
                    "name": "Display the specified task.",
                    "request": {
                        "url": "http:\/\/webdevlistapi.test\/api\/tasks\/{task}",
                        "method": "GET",
                        "header": [
                            {
                                "key": "Content-Type",
                                "value": "application\/json"
                            },
                            {
                                "key": "Accept",
                                "value": "application\/json"
                            }
                        ],
                        "body": {
                            "mode": "raw",
                            "raw": "[]"
                        },
                        "description": "",
                        "response": []
                    }
                },
                {
                    "name": "Update the specified resource in storage.",
                    "request": {
                        "url": "http:\/\/webdevlistapi.test\/api\/tasks\/{task}",
                        "method": "PUT",
                        "header": [
                            {
                                "key": "Content-Type",
                                "value": "application\/json"
                            },
                            {
                                "key": "Accept",
                                "value": "application\/json"
                            }
                        ],
                        "body": {
                            "mode": "raw",
                            "raw": "[]"
                        },
                        "description": "",
                        "response": []
                    }
                },
                {
                    "name": "Remove the specified resource from storage.",
                    "request": {
                        "url": "http:\/\/webdevlistapi.test\/api\/tasks\/{task}",
                        "method": "DELETE",
                        "header": [
                            {
                                "key": "Content-Type",
                                "value": "application\/json"
                            },
                            {
                                "key": "Accept",
                                "value": "application\/json"
                            }
                        ],
                        "body": {
                            "mode": "raw",
                            "raw": "[]"
                        },
                        "description": "",
                        "response": []
                    }
                }
            ]
        }
    ]
}