{
    "data": {
        "title": "sec task",
        "description": "desc of sec task",
        "due": "2019-12-15 00:00:00",
        "user_id": 1,
        "updated_at": "2019-12-10 23:57:19",
        "created_at": "2019-12-10 23:57:19",
        "id": 5,
        "creator": {
            "id": 1,
            "name": "hitesh",
            "email": "hitesh@gmail.com",
            "email_verified_at": null,
            "created_at": "2019-10-17 03:46:51",
            "updated_at": "2019-10-17 03:46:51"
        }
    }
}
